{"min": [-0.00525134, -0.142114, -0.323644, -0.266541, -0.309087, -0.0919513, -0.0968914, -0.174634, -0.373229, -0.132778, -0.17487, 0.0900576, -0.217667, -0.142627, 0.125735, -0.108428, -0.101303, 0.0217237, -0.271116, -0.141155, -0.225866, -0.163829, -0.327241, -0.214353, -0.0375738, -0.0291437, -0.0757532, -0.152963, -0.159129, -0.0267367, -0.043163, -0.101449, 0.0480399, -0.226194, -0.603782, -0.167665, -0.134866, -0.0240534, -0.0701507, -0.186306, -0.233452, -0.00568666, -0.260481, -0.232586, -0.263785, -0.291998, -0.191253, -0.339969, 0.0336563, -0.157803, -0.285127, -0.31349, -0.18966, -0.217334, -0.0288539, -0.163185, -0.165438, -0.203359, -0.198376, -0.143432, -0.278572, -0.151073, 0.00699166, -0.0441761, -0.0656111, -0.392054, -0.247014, -0.138933, -0.377, -0.0525906, 0.0425763, -0.20742, -0.135702, 0.0332665, -0.0736471, 0.0172876], "max": [-0.00525134, -0.142114, -0.323644, -0.266541, -0.309087, -0.0919513, -0.0968914, -0.174634, -0.373229, -0.132778, -0.17487, 0.0900576, -0.217667, -0.142627, 0.125735, -0.108428, -0.101303, 0.0217237, -0.271116, -0.141155, -0.225866, -0.163829, -0.327241, -0.214353, -0.0375738, -0.0291437, -0.0757532, -0.152963, -0.159129, -0.0267367, -0.043163, -0.101449, 0.0480399, -0.226194, -0.603782, -0.167665, -0.134866, -0.0240534, -0.0701507, -0.186306, -0.233452, -0.00568666, -0.260481, -0.232586, -0.263785, -0.291998, -0.191253, -0.339969, 0.0336563, -0.157803, -0.285127, -0.31349, -0.18966, -0.217334, -0.0288539, -0.163185, -0.165438, -0.203359, -0.198376, -0.143432, -0.278572, -0.151073, 0.00699166, -0.0441761, -0.0656111, -0.392054, -0.247014, -0.138933, -0.377, -0.0525906, 0.0425763, -0.20742, -0.135702, 0.0332665, -0.0736471, 0.0172876]}